N.Matches;Avg. Error;Std. Error;Min. Error;Max. Error
320;0.416791710963656;0.323436400294396;5.68467034879457e-14;1.36713665391102
