N.Matches;Avg. Error;Std. Error;Min. Error;Max. Error
351;0.465364797884823;0.35913904362918;5.7087223386313e-14;1.40203746962077
