N.Matches;Avg. Error;Std. Error;Min. Error;Max. Error
285;0.489707767135924;0.361827330029762;1.1554534014142e-13;1.39351719830799
