N.Matches;Avg. Error;Std. Error;Min. Error;Max. Error
329;0.567171186505109;0.361596434522894;0;1.38657589435074
