N.Matches;Avg. Error;Std. Error;Min. Error;Max. Error
309;0.406111938552177;0.33607754862916;1.13579745820595e-13;1.40428084598575
