N.Matches;Avg. Error;Std. Error;Min. Error;Max. Error
363;0.541119084312191;0.40352756119112;5.72534387481193e-14;1.40626114899402
