N.Matches;Avg. Error;Std. Error;Min. Error;Max. Error
311;0.443011439814644;0.353027865841242;5.67137380224843e-14;1.3887735734478
