N.Matches;Avg. Error;Std. Error;Min. Error;Max. Error
330;0.489164184284109;0.362877944901381;5.81900132461834e-14;1.38336240602869
