N.Matches;Avg. Error;Std. Error;Min. Error;Max. Error
312;0.46812110903976;0.364611774018013;1.71700150319658e-13;1.37101746417953
