N.Matches;Avg. Error;Std. Error;Min. Error;Max. Error
333;0.63154513820675;0.379333638510619;2.78816635669729e-14;1.40485546535816
