N.Matches;Avg. Error;Std. Error;Min. Error;Max. Error
287;0.572091975884166;0.380716249799888;1.13618904596633e-13;1.39783891569294
