N.Matches;Avg. Error;Std. Error;Min. Error;Max. Error
309;0.437344946778597;0.345849262402202;1.12062021915764e-13;1.40336097896978
